Australia and New Zealand, Australia and New Zealand
Central Asia, Central Asia
Eastern Asia, Eastern Asia
Eastern Europe, Eastern Europe
Latin America and the Caribbean, Latin America and the Caribbean
Melanesia, Melanesia
Micronesia, Micronesia
Northern Africa, Northern Africa
Northern America, Northern America
Northern Europe, Northern Europe
Polynesia, Polynesia
South-eastern Asia, South-eastern Asia
Southern Asia, Southern Asia
Southern Europe, Southern Europe
Sub-Saharan Africa, Sub-Saharan Africa
Western Asia, Western Asia
Western Europe, Western Europe
Unknown, Unknown